{"stats":{"minecraft:picked_up":{"minecraft:rotten_flesh":3,"minecraft:arrow":2,"minecraft:diamond_chestplate":1,"minecraft:diamond_leggings":1,"minecraft:diamond_boots":3,"minecraft:enchanted_golden_apple":64,"minecraft:diamond_helmet":2},"minecraft:used":{"minecraft:iron_chestplate":1,"minecraft:diamond_chestplate":1,"minecraft:stone_sword":21,"minecraft:diamond_boots":3,"minecraft:diamond_helmet":2,"minecraft:leather_helmet":1,"minecraft:iron_leggings":1,"minecraft:enchanted_golden_apple":17,"minecraft:diamond_leggings":1,"minecraft:leather_boots":1},"minecraft:killed":{"minecraft:skeleton":1,"minecraft:zombie":2},"minecraft:custom":{"minecraft:open_chest":1,"minecraft:time_since_rest":98651,"minecraft:crouch_one_cm":355,"minecraft:play_time":98651,"minecraft:sprint_one_cm":135566,"minecraft:damage_absorbed":1002,"minecraft:damage_taken":1218,"minecraft:walk_one_cm":153179,"minecraft:sneak_time":248,"minecraft:walk_under_water_one_cm":11237,"minecraft:mob_kills":4,"minecraft:drop":7,"minecraft:jump":682,"minecraft:damage_dealt":684,"minecraft:leave_game":11,"minecraft:walk_on_water_one_cm":12493,"minecraft:time_since_death":98651,"minecraft:total_world_time":98651,"minecraft:damage_resisted":449,"minecraft:swim_one_cm":30850,"minecraft:fall_one_cm":11851,"minecraft:fly_one_cm":1000150},"minecraft:dropped":{"minecraft:diamond_boots":3,"minecraft:diamond_chestplate":1,"minecraft:diamond_leggings":1,"minecraft:diamond_helmet":2}},"DataVersion":3839}