{"stats":{"minecraft:picked_up":{"minecraft:book":3,"minecraft:birch_log":192,"minecraft:light_gray_stained_glass":128,"minecraft:torch":128,"minecraft:diamond_sword":1,"minecraft:enchanted_book":12,"minecraft:oak_log":256,"minecraft:white_bed":1,"minecraft:iron_axe":1,"minecraft:glass":192,"minecraft:iron_leggings":2,"minecraft:quartz_block":64,"minecraft:leather_boots":1,"minecraft:stone_sword":1,"minecraft:iron_shovel":1,"minecraft:arrow":256,"minecraft:diamond_chestplate":1,"minecraft:stone_bricks":192,"minecraft:bow":2,"minecraft:stone_axe":1,"minecraft:diamond_leggings":1,"minecraft:diamond_boots":1,"minecraft:iron_helmet":1,"minecraft:stone_pickaxe":1,"minecraft:golden_apple":12,"minecraft:totem_of_undying":1,"minecraft:iron_pickaxe":1,"minecraft:diamond_helmet":1,"minecraft:enchanted_golden_apple":16,"minecraft:bricks":64,"minecraft:iron_sword":1},"minecraft:used":{"minecraft:enchanting_table":1,"minecraft:acacia_log":1,"minecraft:flint_and_steel":4,"minecraft:diamond_sword":1,"minecraft:anvil":1,"minecraft:bow":2,"minecraft:obsidian":15},"minecraft:custom":{"minecraft:time_since_rest":559965,"minecraft:sprint_one_cm":23132,"minecraft:walk_one_cm":61336,"minecraft:damage_taken":831,"minecraft:drop":22,"minecraft:damage_dealt":20,"minecraft:fly_one_cm":132448,"minecraft:player_kills":1,"minecraft:crouch_one_cm":428,"minecraft:play_time":595401,"minecraft:deaths":2,"minecraft:sneak_time":171,"minecraft:jump":199,"minecraft:leave_game":38,"minecraft:time_since_death":559843,"minecraft:total_world_time":595401,"minecraft:fall_one_cm":2175},"minecraft:dropped":{"minecraft:enchanted_book":17,"minecraft:diamond_sword":2,"minecraft:diamond_leggings":1,"minecraft:totem_of_undying":2}},"DataVersion":3839}