{"stats":{"minecraft:killed_by":{"minecraft:skeleton":1,"minecraft:phantom":2,"minecraft:zombie":2},"minecraft:killed":{"minecraft:zombie":2,"minecraft:spider":1,"minecraft:rabbit":1},"minecraft:dropped":{"minecraft:stone_sword":1},"minecraft:custom":{"minecraft:time_since_rest":53814,"minecraft:sprint_one_cm":97855,"minecraft:damage_absorbed":80,"minecraft:damage_taken":1740,"minecraft:walk_one_cm":230444,"minecraft:mob_kills":4,"minecraft:drop":1,"minecraft:damage_dealt":601,"minecraft:damage_dealt_absorbed":102,"minecraft:swim_one_cm":6359,"minecraft:fly_one_cm":146464,"minecraft:crouch_one_cm":12244,"minecraft:play_time":65586,"minecraft:deaths":5,"minecraft:sneak_time":6927,"minecraft:walk_under_water_one_cm":4695,"minecraft:jump":1132,"minecraft:leave_game":3,"minecraft:time_since_death":53775,"minecraft:walk_on_water_one_cm":6692,"minecraft:total_world_time":65586,"minecraft:fall_one_cm":13069},"minecraft:mined":{"minecraft:white_bed":3,"minecraft:stone_brick_slab":1,"minecraft:torch":1,"minecraft:iron_bars":15,"minecraft:stone_bricks":28,"minecraft:oak_leaves":1},"minecraft:used":{"minecraft:stone_brick_slab":2,"minecraft:iron_bars":55,"minecraft:stone_sword":34,"minecraft:stone_pickaxe":47,"minecraft:leather_helmet":1,"minecraft:leather_boots":1,"minecraft:stone_bricks":47,"minecraft:torch":1,"minecraft:rotten_flesh":5,"minecraft:golden_apple":3,"minecraft:stone_axe":12,"minecraft:iron_chestplate":1,"minecraft:bow":12,"minecraft:white_bed":3,"minecraft:iron_leggings":1},"minecraft:picked_up":{"minecraft:iron_chestplate":2,"minecraft:stone_brick_slab":2,"minecraft:torch":193,"minecraft:oak_log":128,"minecraft:white_bed":6,"minecraft:leather_helmet":2,"minecraft:string":8,"minecraft:iron_leggings":2,"minecraft:leather_boots":2,"minecraft:glass":256,"minecraft:stone_sword":3,"minecraft:arrow":182,"minecraft:rotten_flesh":8,"minecraft:stone_bricks":667,"minecraft:bow":3,"minecraft:stone_axe":3,"minecraft:stone_pickaxe":4,"minecraft:golden_apple":34,"minecraft:rabbit":1,"minecraft:iron_bars":135}},"DataVersion":3839}