{"stats":{"minecraft:picked_up":{"minecraft:acacia_log":3},"minecraft:used":{"minecraft:acacia_log":3},"minecraft:custom":{"minecraft:jump":82,"minecraft:time_since_rest":4276,"minecraft:leave_game":1,"minecraft:open_enderchest":1,"minecraft:sprint_one_cm":36424,"minecraft:play_time":4276,"minecraft:damage_taken":40,"minecraft:time_since_death":4276,"minecraft:walk_one_cm":9571,"minecraft:total_world_time":4276,"minecraft:fall_one_cm":1017,"minecraft:fly_one_cm":19757},"minecraft:mined":{"minecraft:short_grass":3,"minecraft:acacia_log":3}},"DataVersion":3839}