{"stats":{"minecraft:killed_by":{"minecraft:zombie":6},"minecraft:mined":{"minecraft:grass_block":2,"minecraft:stone":4,"minecraft:orange_bed":1,"minecraft:short_grass":1,"minecraft:glass":25,"minecraft:wheat":1,"minecraft:birch_leaves":1,"minecraft:oak_log":6,"minecraft:dirt":1},"minecraft:dropped":{"minecraft:enchanted_book":17,"minecraft:water_bucket":1,"minecraft:iron_ingot":1,"minecraft:bread":17,"minecraft:iron_sword":1,"minecraft:wheat_seeds":2,"minecraft:diamond_axe":3,"minecraft:golden_helmet":1,"minecraft:oak_log":350,"minecraft:emerald_ore":2,"minecraft:ender_pearl":32,"minecraft:diamond_leggings":7,"minecraft:oak_fence":64,"minecraft:book":41,"minecraft:granite":2,"minecraft:disc_fragment_5":64,"minecraft:leather_helmet":1,"minecraft:golden_apple":24,"minecraft:coal_block":32,"minecraft:music_disc_13":2,"minecraft:gold_block":16,"minecraft:ink_sac":1,"minecraft:torch":192,"minecraft:white_concrete":192,"minecraft:diamond_helmet":14,"minecraft:light_gray_stained_glass":128,"minecraft:iron_leggings":2,"minecraft:iron_axe":1,"minecraft:black_concrete":128,"minecraft:iron_pickaxe":1,"minecraft:iron_shovel":1,"minecraft:string":4,"minecraft:birch_log":192,"minecraft:bucket":1,"minecraft:bone":4,"minecraft:bricks":128,"minecraft:red_concrete":192,"minecraft:anvil":63,"minecraft:stone_axe":2,"minecraft:diamond_block":16,"minecraft:stone_sword":3,"minecraft:wheat":1,"minecraft:rotten_flesh":1,"minecraft:blue_concrete":64,"minecraft:enchanted_golden_apple":128,"minecraft:diamond_shovel":2,"minecraft:white_bed":5,"minecraft:totem_of_undying":1,"minecraft:spruce_fence":128,"minecraft:red_stained_glass_pane":64,"minecraft:diamond_sword":9,"minecraft:sea_lantern":128,"minecraft:tipped_arrow":188,"minecraft:diamond_chestplate":7,"minecraft:coal_ore":1,"minecraft:diamond_pickaxe":3,"minecraft:iron_chestplate":2,"minecraft:quartz_block":64,"minecraft:leather_boots":1,"minecraft:stone_bricks":384,"minecraft:diamond_boots":9,"minecraft:arrow":300,"minecraft:iron_bars":80,"minecraft:bow":5,"minecraft:glass":256,"minecraft:stone_pickaxe":2,"minecraft:wooden_pickaxe":1,"minecraft:music_disc_mellohi":1},"minecraft:killed":{"minecraft:skeleton":1,"minecraft:chicken":15,"minecraft:wandering_trader":1,"minecraft:creeper":4,"minecraft:trader_llama":2,"minecraft:zombie":1,"minecraft:enderman":1},"minecraft:picked_up":{"minecraft:iron_chestplate":3,"minecraft:wheat":1,"minecraft:chicken":13,"minecraft:lead":14,"minecraft:diamond_sword":8,"minecraft:wooden_pickaxe":1,"minecraft:gold_block":16,"minecraft:enchanted_book":27,"minecraft:string":4,"minecraft:iron_leggings":2,"minecraft:item_frame":8,"minecraft:diamond_leggings":5,"minecraft:player_head":1,"minecraft:poppy":2,"minecraft:enchanted_golden_apple":62,"minecraft:coal_block":32,"minecraft:tipped_arrow":191,"minecraft:golden_helmet":2,"minecraft:glow_item_frame":5,"minecraft:oak_fence":64,"minecraft:torch":129,"minecraft:music_disc_mellohi":1,"minecraft:spruce_fence":64,"minecraft:music_disc_pigstep":2,"minecraft:redstone":4,"minecraft:orange_bed":1,"minecraft:diamond_chestplate":8,"minecraft:rotten_flesh":10,"minecraft:stone_sword":3,"minecraft:arrow":240,"minecraft:diamond_boots":9,"minecraft:totem_of_undying":8,"minecraft:cobblestone":3,"minecraft:iron_bars":40,"minecraft:white_wool":1,"minecraft:emerald_ore":77,"minecraft:barrier":1,"minecraft:feather":8,"minecraft:dark_oak_button":36,"minecraft:water_bucket":1,"minecraft:glow_ink_sac":1,"minecraft:leather":2,"minecraft:red_mushroom":2,"minecraft:oak_log":164,"minecraft:gunpowder":3,"minecraft:dirt":5,"minecraft:lantern":18,"minecraft:disc_fragment_5":64,"minecraft:cooked_mutton":2,"minecraft:leather_boots":1,"minecraft:glass":128,"minecraft:bone":9,"minecraft:stone_bricks":385,"minecraft:kelp":28,"minecraft:bow":5,"minecraft:wheat_seeds":4,"minecraft:iron_ingot":1,"minecraft:stone_pickaxe":2,"minecraft:diamond_helmet":21,"minecraft:book":9,"minecraft:milk_bucket":1,"minecraft:music_disc_13":3,"minecraft:sand":16,"minecraft:white_bed":5,"minecraft:diamond_block":16,"minecraft:spruce_door":1,"minecraft:sea_lantern":128,"minecraft:leather_helmet":2,"minecraft:diamond_shovel":2,"minecraft:pumpkin_seeds":4,"minecraft:sugar":1,"minecraft:black_concrete":128,"minecraft:stone_axe":2,"minecraft:granite":7,"minecraft:diamond_axe":2,"minecraft:golden_apple":24,"minecraft:white_concrete":128,"minecraft:bread":17,"minecraft:melon_seeds":1,"minecraft:red_concrete":192,"minecraft:bricks":64,"minecraft:ender_pearl":33,"minecraft:diamond_pickaxe":3},"minecraft:custom":{"minecraft:mob_kills":28,"minecraft:interact_with_anvil":25,"minecraft:interact_with_crafting_table":1,"minecraft:leave_game":90,"minecraft:time_since_death":16819,"minecraft:damage_resisted":795,"minecraft:sprint_one_cm":212262,"minecraft:walk_one_cm":418710,"minecraft:drop":229,"minecraft:damage_dealt_absorbed":203,"minecraft:play_time":1728394,"minecraft:deaths":11,"minecraft:sneak_time":4410,"minecraft:walk_under_water_one_cm":169804,"minecraft:jump":1360,"minecraft:walk_on_water_one_cm":84873,"minecraft:enchant_item":14,"minecraft:total_world_time":1728394,"minecraft:play_record":6,"minecraft:tune_noteblock":22,"minecraft:time_since_rest":16903,"minecraft:open_enderchest":4,"minecraft:damage_taken":9400,"minecraft:damage_absorbed":903,"minecraft:damage_dealt":3431,"minecraft:interact_with_beacon":15,"minecraft:swim_one_cm":10466,"minecraft:fly_one_cm":6440197,"minecraft:player_kills":2,"minecraft:open_chest":6,"minecraft:crouch_one_cm":9112,"minecraft:fall_one_cm":60031,"minecraft:inspect_dispenser":4},"minecraft:used":{"minecraft:oak_fence":1,"minecraft:netherite_sword":45,"minecraft:enchanting_table":1,"minecraft:flint_and_steel":6,"minecraft:red_concrete":741,"minecraft:spruce_slab":32,"minecraft:dispenser":2,"minecraft:suspicious_sand":9,"minecraft:poppy":1,"minecraft:spruce_planks":15,"minecraft:tinted_glass":215,"minecraft:ender_chest":2,"minecraft:iron_sword":10,"minecraft:player_head":1,"minecraft:iron_chestplate":1,"minecraft:orange_bed":1,"minecraft:torch":9,"minecraft:anvil":8,"minecraft:blue_stained_glass":4,"minecraft:jungle_planks":9,"minecraft:diamond_helmet":31,"minecraft:light_blue_stained_glass":12,"minecraft:granite":26,"minecraft:music_disc_13":2,"minecraft:spruce_fence":901,"minecraft:blue_concrete":52,"minecraft:milk_bucket":1,"minecraft:music_disc_relic":2,"minecraft:shroomlight":12,"minecraft:glass":17,"minecraft:wooden_axe":8,"minecraft:sea_lantern":146,"minecraft:bricks":28,"minecraft:netherite_shovel":3,"minecraft:coal_ore":1,"minecraft:villager_spawn_egg":7,"minecraft:music_disc_pigstep":2,"minecraft:iron_block":217,"minecraft:spruce_wood":11,"minecraft:lantern":109,"minecraft:grass_block":107,"minecraft:birch_hanging_sign":4,"minecraft:chicken_spawn_egg":18,"minecraft:iron_helmet":1,"minecraft:dark_oak_wood":3,"minecraft:dark_oak_button":41,"minecraft:totem_of_undying":6,"minecraft:stone_bricks":6,"minecraft:item_frame":33,"minecraft:spruce_hanging_sign":30,"minecraft:diamond_chestplate":13,"minecraft:glowstone":2,"minecraft:red_stained_glass_pane":63,"minecraft:lime_concrete":9,"minecraft:bow":85,"minecraft:oak_sapling":61,"minecraft:pearlescent_froglight":2,"minecraft:enchanted_golden_apple":8,"minecraft:iron_leggings":2,"minecraft:wheat_seeds":1,"minecraft:cooked_mutton":2,"minecraft:emerald_ore":2,"minecraft:water_bucket":85,"minecraft:diamond_boots":9,"minecraft:dark_oak_hanging_sign":1,"minecraft:lead":30,"minecraft:stone_pickaxe":4,"minecraft:oak_planks":3,"minecraft:iron_golem_spawn_egg":1,"minecraft:ender_pearl":2,"minecraft:sandstone":117,"minecraft:redstone_block":5,"minecraft:beacon":65,"minecraft:diamond_axe":12,"minecraft:leather_boots":1,"minecraft:oak_leaves":326,"minecraft:golden_apple":1,"minecraft:glow_item_frame":73,"minecraft:diamond_block":3,"minecraft:sand":310,"minecraft:white_bed":1,"minecraft:gray_concrete":1,"minecraft:painting":1,"minecraft:black_concrete_powder":1,"minecraft:spruce_log":151,"minecraft:redstone_torch":5,"minecraft:oak_log":12,"minecraft:black_terracotta":334,"minecraft:blue_stained_glass_pane":9,"minecraft:piston":3,"minecraft:lever":4,"minecraft:black_concrete":229,"minecraft:barrier":538,"minecraft:verdant_froglight":1,"minecraft:leather_helmet":1,"minecraft:golden_helmet":1,"minecraft:diamond_sword":2,"minecraft:cobblestone":12,"minecraft:chain":28,"minecraft:ice":13,"minecraft:end_portal_frame":1,"minecraft:white_concrete":321,"minecraft:golden_pickaxe":12,"minecraft:bone_meal":94,"minecraft:diamond_leggings":1,"minecraft:experience_bottle":502}},"DataVersion":3839}