{"stats":{"minecraft:killed":{"minecraft:spider":1,"minecraft:creeper":11,"minecraft:skeleton":6,"minecraft:zombie":2,"minecraft:chicken":14},"minecraft:dropped":{"minecraft:enchanted_book":2,"minecraft:red_concrete":1,"minecraft:anvil":2,"minecraft:diamond_axe":20,"minecraft:player_head":1,"minecraft:stone_sword":2,"minecraft:diamond_leggings":2,"minecraft:barrier":1,"minecraft:book":10,"minecraft:diamond_shovel":1,"minecraft:spruce_door":2,"minecraft:totem_of_undying":4,"minecraft:spruce_fence":99,"minecraft:grass_block":1,"minecraft:music_disc_13":2,"minecraft:diamond_sword":12,"minecraft:milk_bucket":1,"minecraft:diamond_chestplate":3,"minecraft:coal_ore":10,"minecraft:diamond_helmet":8,"minecraft:wooden_sword":5,"minecraft:diamond_boots":4,"minecraft:sugar":1,"minecraft:music_disc_mellohi":1,"minecraft:armor_stand":3},"minecraft:mined":{"minecraft:grass_block":1,"minecraft:spruce_leaves":16,"minecraft:fire":6,"minecraft:spruce_log":6,"minecraft:gravel":8,"minecraft:dirt":1},"minecraft:used":{"minecraft:oak_fence":17,"minecraft:emerald_ore":3,"minecraft:trident":8,"minecraft:diorite":43,"minecraft:enchanting_table":2,"minecraft:diamond_boots":8,"minecraft:flint_and_steel":14,"minecraft:spruce_slab":13,"minecraft:red_concrete":1119,"minecraft:armor_stand":7,"minecraft:lead":52,"minecraft:dispenser":2,"minecraft:oak_planks":1,"minecraft:spruce_planks":49,"minecraft:sandstone":31,"minecraft:stone":282,"minecraft:clay":1,"minecraft:player_head":2,"minecraft:structure_block":25,"minecraft:oak_leaves":20,"minecraft:dirt":203,"minecraft:sand":29,"minecraft:anvil":1,"minecraft:spruce_stairs":7,"minecraft:diamond_helmet":8,"minecraft:spruce_fence":153,"minecraft:blue_concrete":81,"minecraft:spruce_log":2,"minecraft:glass":17,"minecraft:gray_terracotta":3,"minecraft:stone_brick_slab":24,"minecraft:sea_lantern":136,"minecraft:black_concrete":126,"minecraft:firework_rocket":87,"minecraft:coal_ore":2,"minecraft:grass_block":130,"minecraft:lantern":8,"minecraft:barrier":165,"minecraft:brown_wool":8,"minecraft:stone_button":5,"minecraft:chicken_spawn_egg":16,"minecraft:spruce_sapling":1,"minecraft:gravel":8,"minecraft:stone_bricks":133,"minecraft:item_frame":3,"minecraft:spruce_hanging_sign":1,"minecraft:wooden_sword":9,"minecraft:diamond_sword":60,"minecraft:diamond_chestplate":3,"minecraft:lime_concrete":123,"minecraft:bow":31,"minecraft:egg":1,"minecraft:white_concrete":11,"minecraft:dandelion":9,"minecraft:diamond_leggings":2,"minecraft:gray_stained_glass":3},"minecraft:crafted":{"minecraft:crafting_table":1,"minecraft:spruce_planks":24},"minecraft:custom":{"minecraft:interact_with_furnace":1,"minecraft:mob_kills":34,"minecraft:interact_with_anvil":13,"minecraft:leave_game":96,"minecraft:time_since_death":636876,"minecraft:time_since_rest":636931,"minecraft:sprint_one_cm":317982,"minecraft:open_enderchest":10,"minecraft:damage_taken":745,"minecraft:walk_one_cm":1056266,"minecraft:drop":135,"minecraft:damage_dealt":4137,"minecraft:damage_dealt_absorbed":97,"minecraft:swim_one_cm":155,"minecraft:fly_one_cm":6117089,"minecraft:open_chest":5,"minecraft:crouch_one_cm":9454,"minecraft:play_time":1666128,"minecraft:deaths":1,"minecraft:sneak_time":11029,"minecraft:walk_under_water_one_cm":57575,"minecraft:aviate_one_cm":1157376,"minecraft:jump":2760,"minecraft:walk_on_water_one_cm":94915,"minecraft:total_world_time":1666128,"minecraft:fall_one_cm":8292,"minecraft:inspect_dispenser":4},"minecraft:picked_up":{"minecraft:feather":16,"minecraft:chicken":13,"minecraft:anvil":65,"minecraft:glow_ink_sac":1,"minecraft:lead":16,"minecraft:diamond_sword":13,"minecraft:enchanted_book":4,"minecraft:shield":1,"minecraft:gunpowder":16,"minecraft:string":2,"minecraft:dirt":2,"minecraft:wooden_sword":5,"minecraft:armor_stand":3,"minecraft:item_frame":3,"minecraft:bone":15,"minecraft:experience_bottle":38,"minecraft:bow":3,"minecraft:wheat_seeds":6,"minecraft:diamond_leggings":4,"minecraft:poppy":1,"minecraft:diamond_helmet":9,"minecraft:sugar_cane":6,"minecraft:egg":2,"minecraft:book":40,"minecraft:tipped_arrow":60,"minecraft:stick":5,"minecraft:music_disc_13":2,"minecraft:glow_item_frame":64,"minecraft:dandelion":1,"minecraft:music_disc_mellohi":1,"minecraft:gravel":8,"minecraft:spruce_fence":99,"minecraft:spruce_sapling":1,"minecraft:ink_sac":1,"minecraft:grass_block":1,"minecraft:spruce_log":6,"minecraft:spruce_door":1,"minecraft:rotten_flesh":6,"minecraft:stone_sword":2,"minecraft:diamond_shovel":1,"minecraft:arrow":9,"minecraft:coal_ore":10,"minecraft:diamond_chestplate":5,"minecraft:diamond_boots":6,"minecraft:diamond_axe":42,"minecraft:armadillo_scute":1,"minecraft:granite":5,"minecraft:totem_of_undying":5,"minecraft:oak_sapling":4}},"DataVersion":3839}