{"stats":{"minecraft:crafted":{"minecraft:wooden_sword":1,"minecraft:oak_planks":68,"minecraft:cooked_chicken":9,"minecraft:furnace":1,"minecraft:cooked_mutton":6,"minecraft:stone_pickaxe":3,"minecraft:chest":3,"minecraft:wheat":90,"minecraft:cooked_beef":3,"minecraft:crafting_table":2,"minecraft:wooden_pickaxe":3,"minecraft:stone_axe":1,"minecraft:bread":30,"minecraft:air":0,"minecraft:stick":24,"minecraft:wooden_axe":1},"minecraft:killed_by":{"minecraft:player":3,"minecraft:creeper":5,"minecraft:skeleton":18,"minecraft:zombie":6},"minecraft:mined":{"minecraft:white_bed":2,"minecraft:granite":4,"minecraft:grass_block":30,"minecraft:hay_block":42,"minecraft:furnace":2,"minecraft:fire":9,"minecraft:iron_ore":17,"minecraft:barrel":1,"minecraft:stone":76,"minecraft:crafting_table":5,"minecraft:torch":6,"minecraft:short_grass":123,"minecraft:poppy":1,"minecraft:melon":18,"minecraft:chest":1,"minecraft:tall_grass":23,"minecraft:cobblestone":6,"minecraft:wall_torch":1,"minecraft:coal_ore":38,"minecraft:oak_log":14,"minecraft:dirt":8},"minecraft:dropped":{"minecraft:enchanted_book":19,"minecraft:iron_ingot":11,"minecraft:wheat_seeds":7,"minecraft:diamond_axe":1,"minecraft:golden_helmet":5,"minecraft:oak_log":30,"minecraft:glow_ink_sac":10,"minecraft:emerald_ore":77,"minecraft:granite":2,"minecraft:stick":4,"minecraft:dirt":8,"minecraft:torch":2,"minecraft:wooden_axe":1,"minecraft:seagrass":1,"minecraft:diamond_helmet":2,"minecraft:armadillo_scute":1,"minecraft:dandelion":1,"minecraft:bone":7,"minecraft:stone_sword":1,"minecraft:wheat":1,"minecraft:rotten_flesh":20,"minecraft:cooked_mutton":1,"minecraft:totem_of_undying":4,"minecraft:poppy":1,"minecraft:andesite":2,"minecraft:bow":1,"minecraft:arrow":118,"minecraft:wooden_pickaxe":4,"minecraft:stone_pickaxe":2},"minecraft:killed":{"minecraft:skeleton":6,"minecraft:chicken":9,"minecraft:turtle":1,"minecraft:zombie_villager":1,"minecraft:bat":1,"minecraft:sheep":5,"minecraft:trader_llama":2,"minecraft:zombie":11,"minecraft:cow":1},"minecraft:picked_up":{"minecraft:seagrass":2,"minecraft:crafting_table":5,"minecraft:iron_chestplate":2,"minecraft:wheat":1,"minecraft:chicken":9,"minecraft:diamond_sword":4,"minecraft:wooden_pickaxe":9,"minecraft:gold_block":8,"minecraft:enchanted_book":6,"minecraft:blue_concrete":64,"minecraft:iron_axe":1,"minecraft:flint_and_steel":1,"minecraft:iron_leggings":5,"minecraft:iron_shovel":1,"minecraft:diamond_leggings":1,"minecraft:bucket":1,"minecraft:beef":3,"minecraft:poppy":1,"minecraft:iron_pickaxe":1,"minecraft:enchanted_golden_apple":32,"minecraft:melon_slice":214,"minecraft:coal_block":16,"minecraft:chest":1,"minecraft:furnace":2,"minecraft:golden_helmet":5,"minecraft:stick":28,"minecraft:raw_iron":17,"minecraft:torch":446,"minecraft:diorite":1,"minecraft:golden_chestplate":1,"minecraft:quartz_block":64,"minecraft:stone_sword":6,"minecraft:arrow":548,"minecraft:rotten_flesh":33,"minecraft:diamond_chestplate":1,"minecraft:diamond_boots":1,"minecraft:hay_block":42,"minecraft:armadillo_scute":2,"minecraft:totem_of_undying":3,"minecraft:mutton":6,"minecraft:emerald_ore":1,"minecraft:white_wool":9,"minecraft:cobblestone":336,"minecraft:birch_log":192,"minecraft:feather":8,"minecraft:cooked_beef":9,"minecraft:glow_ink_sac":14,"minecraft:water_bucket":6,"minecraft:andesite":11,"minecraft:leather":3,"minecraft:oak_log":363,"minecraft:golden_boots":1,"minecraft:dirt":42,"minecraft:cooked_mutton":21,"minecraft:leather_boots":4,"minecraft:bone":15,"minecraft:glass":128,"minecraft:bow":8,"minecraft:wheat_seeds":12,"minecraft:stone_pickaxe":19,"minecraft:iron_ingot":11,"minecraft:cooked_chicken":54,"minecraft:diamond_helmet":4,"minecraft:iron_sword":1,"minecraft:light_gray_stained_glass":128,"minecraft:dandelion":1,"minecraft:gravel":9,"minecraft:white_bed":2,"minecraft:diamond_block":8,"minecraft:barrel":1,"minecraft:sea_lantern":64,"minecraft:leather_helmet":4,"minecraft:diamond_shovel":1,"minecraft:coal_ore":2,"minecraft:black_concrete":64,"minecraft:stone_axe":6,"minecraft:diamond_axe":3,"minecraft:granite":5,"minecraft:white_concrete":128,"minecraft:bread":233,"minecraft:red_concrete":64,"minecraft:bricks":64,"minecraft:coal":38,"minecraft:diamond_pickaxe":2,"minecraft:ender_pearl":16},"minecraft:custom":{"minecraft:mob_kills":41,"minecraft:interact_with_crafting_table":19,"minecraft:open_barrel":18,"minecraft:bell_ring":1,"minecraft:leave_game":7,"minecraft:time_since_death":26188,"minecraft:climb_one_cm":800,"minecraft:sprint_one_cm":665317,"minecraft:walk_one_cm":444628,"minecraft:drop":118,"minecraft:damage_dealt_absorbed":252,"minecraft:talked_to_villager":7,"minecraft:play_time":286348,"minecraft:deaths":35,"minecraft:sneak_time":4709,"minecraft:walk_under_water_one_cm":24233,"minecraft:jump":4239,"minecraft:walk_on_water_one_cm":79058,"minecraft:total_world_time":286348,"minecraft:interact_with_furnace":21,"minecraft:interact_with_cartography_table":4,"minecraft:sleep_in_bed":5,"minecraft:time_since_rest":13744,"minecraft:open_enderchest":21,"minecraft:damage_taken":14861,"minecraft:damage_absorbed":324,"minecraft:damage_dealt":6067,"minecraft:swim_one_cm":73495,"minecraft:fly_one_cm":925587,"minecraft:open_chest":19,"minecraft:crouch_one_cm":10288,"minecraft:fall_one_cm":121123},"minecraft:broken":{"minecraft:leather_helmet":1,"minecraft:leather_boots":1},"minecraft:used":{"minecraft:stone_sword":13,"minecraft:flint_and_steel":11,"minecraft:chest":3,"minecraft:rotten_flesh":3,"minecraft:iron_chestplate":1,"minecraft:torch":7,"minecraft:dirt":33,"minecraft:golden_chestplate":1,"minecraft:wooden_axe":2,"minecraft:coal_ore":1,"minecraft:totem_of_undying":5,"minecraft:barrel":1,"minecraft:bow":40,"minecraft:furnace":2,"minecraft:iron_leggings":1,"minecraft:cooked_mutton":2,"minecraft:emerald_ore":1,"minecraft:water_bucket":1,"minecraft:diorite":1,"minecraft:stone_pickaxe":129,"minecraft:ender_pearl":1,"minecraft:wooden_pickaxe":15,"minecraft:diamond_axe":23,"minecraft:leather_boots":1,"minecraft:golden_apple":5,"minecraft:crafting_table":6,"minecraft:white_bed":2,"minecraft:oak_log":14,"minecraft:diamond_pickaxe":4,"minecraft:melon_slice":30,"minecraft:bread":40,"minecraft:leather_helmet":1,"minecraft:stone_axe":70,"minecraft:diamond_sword":77,"minecraft:wooden_sword":3,"minecraft:cobblestone":21,"minecraft:andesite":2,"minecraft:bucket":3}},"DataVersion":3839}