{"stats":{"minecraft:dropped":{"minecraft:stone_sword":2,"minecraft:cobbled_deepslate":32,"minecraft:cobblestone":20,"minecraft:granite":5,"minecraft:spruce_fence":64,"minecraft:leather_helmet":1,"minecraft:music_disc_13":2,"minecraft:diamond_sword":1,"minecraft:diorite":7,"minecraft:iron_chestplate":1,"minecraft:andesite":4,"minecraft:leather_boots":1,"minecraft:iron_leggings":1,"minecraft:bow":1,"minecraft:music_disc_mellohi":2},"minecraft:custom":{"minecraft:interact_with_furnace":11,"minecraft:mob_kills":18,"minecraft:interact_with_crafting_table":12,"minecraft:leave_game":6,"minecraft:time_since_death":149070,"minecraft:time_since_rest":149101,"minecraft:sprint_one_cm":245320,"minecraft:damage_absorbed":306,"minecraft:damage_taken":84788,"minecraft:walk_one_cm":186625,"minecraft:drop":18,"minecraft:damage_dealt":2833,"minecraft:damage_dealt_absorbed":93,"minecraft:swim_one_cm":13313,"minecraft:fly_one_cm":755676,"minecraft:open_chest":3,"minecraft:crouch_one_cm":865,"minecraft:play_time":190329,"minecraft:deaths":55,"minecraft:sneak_time":1699,"minecraft:walk_under_water_one_cm":47208,"minecraft:jump":1329,"minecraft:walk_on_water_one_cm":18280,"minecraft:total_world_time":190329,"minecraft:fall_one_cm":850840},"minecraft:mined":{"minecraft:diamond_ore":5,"minecraft:tuff":4,"minecraft:deepslate_diamond_ore":9,"minecraft:kelp_plant":2,"minecraft:granite":13,"minecraft:glass":59,"minecraft:copper_ore":1,"minecraft:cobblestone":3,"minecraft:frosted_ice":4,"minecraft:diorite":7,"minecraft:sandstone":7,"minecraft:iron_ore":8,"minecraft:cobbled_deepslate":4,"minecraft:fire":8,"minecraft:andesite":13,"minecraft:oak_log":2,"minecraft:deepslate_iron_ore":3,"minecraft:gravel":30,"minecraft:sand":9,"minecraft:stone":70,"minecraft:oak_leaves":50,"minecraft:deepslate":41},"minecraft:killed":{"minecraft:zombie_villager":1,"minecraft:spider":1,"minecraft:skeleton":2,"minecraft:zombie":12,"minecraft:glow_squid":1},"minecraft:crafted":{"minecraft:oak_planks":48,"minecraft:crafting_table":1,"minecraft:iron_sword":1,"minecraft:furnace":1,"minecraft:bucket":2,"minecraft:diamond_shovel":1,"minecraft:air":0,"minecraft:flint_and_steel":1,"minecraft:diamond_pickaxe":1,"minecraft:stick":12,"minecraft:iron_ingot":12,"minecraft:iron_pickaxe":1,"minecraft:chest":3},"minecraft:picked_up":{"minecraft:andesite":13,"minecraft:diamond_sword":2,"minecraft:enchanted_book":1,"minecraft:flint":2,"minecraft:tuff":3,"minecraft:oak_log":2,"minecraft:string":2,"minecraft:raw_copper":2,"minecraft:bone":2,"minecraft:bow":1,"minecraft:diamond_leggings":1,"minecraft:cobbled_deepslate":52,"minecraft:diamond_helmet":1,"minecraft:tipped_arrow":60,"minecraft:raw_iron":12,"minecraft:sandstone":7,"minecraft:music_disc_13":4,"minecraft:music_disc_mellohi":2,"minecraft:gravel":29,"minecraft:spruce_fence":128,"minecraft:sand":9,"minecraft:diorite":7,"minecraft:rotten_flesh":8,"minecraft:stone_sword":1,"minecraft:arrow":3,"minecraft:diamond_chestplate":1,"minecraft:diamond":14,"minecraft:diamond_boots":1,"minecraft:granite":13,"minecraft:oak_sapling":1,"minecraft:cobblestone":72,"minecraft:emerald_ore":1},"minecraft:used":{"minecraft:water_bucket":11,"minecraft:flint_and_steel":31,"minecraft:stone_pickaxe":58,"minecraft:chest":3,"minecraft:sandstone":2,"minecraft:iron_sword":72,"minecraft:rotten_flesh":8,"minecraft:torch":14,"minecraft:golden_apple":14,"minecraft:crafting_table":1,"minecraft:tuff":1,"minecraft:granite":8,"minecraft:oak_log":2,"minecraft:diamond_pickaxe":3,"minecraft:lava_bucket":17,"minecraft:diamond_shovel":12,"minecraft:iron_pickaxe":132,"minecraft:gravel":23,"minecraft:stone_bricks":8,"minecraft:stone_axe":1,"minecraft:diamond_sword":14,"minecraft:bow":18,"minecraft:cobblestone":44,"minecraft:furnace":1,"minecraft:bucket":30,"minecraft:andesite":3,"minecraft:cobbled_deepslate":14}},"DataVersion":3839}