{
  "minecraft:recipes/decorations/crafting_table": {
    "criteria": {
      "unlock_right_away": "2024-06-23 15:50:57 +0000"
    },
    "done": true
  },
  "minecraft:adventure/adventuring_time": {
    "criteria": {
      "minecraft:beach": "2024-06-23 15:54:14 +0000",
      "minecraft:river": "2024-06-23 15:54:12 +0000",
      "minecraft:lukewarm_ocean": "2024-06-23 15:54:07 +0000",
      "minecraft:savanna": "2024-06-23 15:54:22 +0000",
      "minecraft:warm_ocean": "2024-06-23 15:50:58 +0000"
    },
    "done": false
  },
  "DataVersion": 3839
}