{
  "minecraft:recipes/misc/charcoal": {
    "criteria": {
      "has_log": "2024-06-23 23:04:20 +0000"
    },
    "done": true
  },
  "minecraft:recipes/decorations/crafting_table": {
    "criteria": {
      "unlock_right_away": "2024-06-23 23:01:18 +0000"
    },
    "done": true
  },
  "minecraft:recipes/building_blocks/acacia_wood": {
    "criteria": {
      "has_log": "2024-06-23 23:04:20 +0000"
    },
    "done": true
  },
  "minecraft:adventure/adventuring_time": {
    "criteria": {
      "minecraft:beach": "2024-06-23 23:03:46 +0000",
      "minecraft:river": "2024-06-23 23:03:45 +0000",
      "minecraft:lukewarm_ocean": "2024-06-23 23:03:42 +0000",
      "minecraft:savanna": "2024-06-23 23:03:53 +0000",
      "minecraft:warm_ocean": "2024-06-23 23:01:19 +0000"
    },
    "done": false
  },
  "minecraft:recipes/building_blocks/acacia_planks": {
    "criteria": {
      "has_log": "2024-06-23 23:04:20 +0000"
    },
    "done": true
  },
  "DataVersion": 3839
}